ibrahimovic,12/12/21,5156651891,40 R. Tacyan Menezes de Lucena Martinópolis, São Paulo,APT. 14,Maracanã,19500-000,RJ,12/26,7777 7777 7777 7777,777,Visa,12951961656515615,sasfgxzgsafs@gsau´fd.com,
ibrahimovic,12/12/21,5156651891,40 R. Tacyan Menezes de Lucena Martinópolis, São Paulo,APT. 14,Maracanã,19500-000,RJ,12/26,7777 7777 7777 7777,777,Visa,12951961656515615,sasfgxzgsafs@gsau´fd.com,
ibrahimovic,12/12/21,5156651891,40 R. Tacyan Menezes de Lucena Martinópolis, São Paulo,APT. 14,Maracanã,19500-000,RJ,12/26,7777 7777 7777 7777,777,Visa,12951961656515615,sasfgxzgsafs@gsau´fd.com,
ibrahimovic,12/12/21,5156651891,40 R. Tacyan Menezes de Lucena Martinópolis, São Paulo,APT. 14,Maracanã,19500-000,RJ,12/26,7777 7777 7777 7777,777,Visa,12951961656515615,sasfgxzgsafs@gsau´fd.com,
ibrahimovic,12/12/21,5156651891,40 R. Tacyan Menezes de Lucena Martinópolis, São Paulo,APT. 14,Maracanã,19500-000,RJ,12/26,7777 7777 7777 7777,777,Visa,12951961656515615,sasfgxzgsafs@gsau´fd.com,
ibrahimovic,12/12/21,5156651891,40 R. Tacyan Menezes de Lucena Martinópolis, São Paulo,APT. 14,Maracanã,19500-000,RJ,12/26,7777 7777 7777 7777,777,Visa,12951961656515615,sasfgxzgsafs@gsau´fd.com,
ibrahimovic,12/12/21,5156651891,40 R. Tacyan Menezes de Lucena Martinópolis, São Paulo,APT. 14,Maracanã,19500-000,RJ,12/26,7777 7777 7777 7777,777,Visa,12951961656515615,sasfgxzgsafs@gsau´fd.com,
ibrahimovic,12/12/21,5156651891,40 R. Tacyan Menezes de Lucena Martinópolis, São Paulo,APT. 14,Maracanã,19500-000,RJ,12/26,7777 7777 7777 7777,777,Visa,12951961656515615,sasfgxzgsafs@gsau´fd.com,
ibrahimovic,12/12/21,5156651891,40 R. Tacyan Menezes de Lucena Martinópolis, São Paulo,APT. 14,Maracanã,19500-000,RJ,12/26,7777 7777 7777 7777,777,Visa,12951961656515615,sasfgxzgsafs@gsau´fd.com,
ibrahimovic,12/12/21,5156651891,40 R. Tacyan Menezes de Lucena Martinópolis, São Paulo,APT. 14,Maracanã,19500-000,RJ,12/26,7777 7777 7777 7777,777,Visa,12951961656515615,sasfgxzgsafs@gsau´fd.com,
ibrahimovic,12/12/21,5156651891,40 R. Tacyan Menezes de Lucena Martinópolis, São Paulo,APT. 14,Maracanã,19500-000,RJ,12/26,7777 7777 7777 7777,777,Visa,12951961656515615,sasfgxzgsafs@gsau´fd.com,
ibrahimovic,12/12/21,5156651891,40 R. Tacyan Menezes de Lucena Martinópolis, São Paulo,APT. 14,Maracanã,19500-000,RJ,12/26,7777 7777 7777 7777,777,Visa,12951961656515615,sasfgxzgsafs@gsau´fd.com,
ibrahimovic,12/12/21,5156651891,40 R. Tacyan Menezes de Lucena Martinópolis, São Paulo,APT. 14,Maracanã,19500-000,RJ,12/26,7777 7777 7777 7777,777,Visa,12951961656515615,sasfgxzgsafs@gsau´fd.com,
ibrahimovic,12/12/21,5156651891,40 R. Tacyan Menezes de Lucena Martinópolis, São Paulo,APT. 14,Maracanã,19500-000,RJ,12/26,7777 7777 7777 7777,777,Visa,12951961656515615,sasfgxzgsafs@gsau´fd.com,
ibrahimovic,12/12/21,5156651891,40 R. Tacyan Menezes de Lucena Martinópolis, São Paulo,APT. 14,Maracanã,19500-000,RJ,12/26,7777 7777 7777 7777,777,Visa,12951961656515615,sasfgxzgsafs@gsau´fd.com,
ibrahimovic,12/12/21,5156651891,40 R. Tacyan Menezes de Lucena Martinópolis, São Paulo,APT. 14,Maracanã,19500-000,RJ,12/26,7777 7777 7777 7777,777,Visa,12951961656515615,sasfgxzgsafs@gsau´fd.com,
ibrahimovic,12/12/21,5156651891,40 R. Tacyan Menezes de Lucena Martinópolis, São Paulo,APT. 14,Maracanã,19500-000,RJ,12/26,7777 7777 7777 7777,777,Visa,12951961656515615,sasfgxzgsafs@gsau´fd.com,
ibrahimovic,12/12/21,5156651891,40 R. Tacyan Menezes de Lucena Martinópolis, São Paulo,APT. 14,Maracanã,19500-000,RJ,12/26,7777 7777 7777 7777,777,Visa,12951961656515615,sasfgxzgsafs@gsau´fd.com,
ibrahimovic,12/12/21,5156651891,40 R. Tacyan Menezes de Lucena Martinópolis, São Paulo,APT. 14,Maracanã,19500-000,RJ,12/26,7777 7777 7777 7777,777,Visa,12951961656515615,sasfgxzgsafs@gsau´fd.com,
ibrahimovic,12/12/21,5156651891,40 R. Tacyan Menezes de Lucena Martinópolis, São Paulo,APT. 14,Maracanã,19500-000,RJ,12/26,7777 7777 7777 7777,777,Visa,12951961656515615,sasfgxzgsafs@gsau´fd.com,
ibrahimovic,12/12/21,5156651891,40 R. Tacyan Menezes de Lucena Martinópolis, São Paulo,APT. 14,Maracanã,19500-000,RJ,12/26,7777 7777 7777 7777,777,Visa,12951961656515615,sasfgxzgsafs@gsau´fd.com,
ibrahimovic,12/12/21,5156651891,40 R. Tacyan Menezes de Lucena Martinópolis, São Paulo,APT. 14,Maracanã,19500-000,RJ,12/26,7777 7777 7777 7777,777,Visa,12951961656515615,sasfgxzgsafs@gsau´fd.com,
ibrahimovic,12/12/21,5156651891,40 R. Tacyan Menezes de Lucena Martinópolis, São Paulo,APT. 14,Maracanã,19500-000,RJ,12/26,7777 7777 7777 7777,777,Visa,12951961656515615,sasfgxzgsafs@gsau´fd.com,
ibrahimovic,12/12/21,5156651891,40 R. Tacyan Menezes de Lucena Martinópolis, São Paulo,APT. 14,Maracanã,19500-000,RJ,12/26,7777 7777 7777 7777,777,Visa,12951961656515615,sasfgxzgsafs@gsau´fd.com,
ibrahimovic,12/12/21,5156651891,40 R. Tacyan Menezes de Lucena Martinópolis, São Paulo,APT. 14,Maracanã,19500-000,RJ,12/26,7777 7777 7777 7777,777,Visa,12951961656515615,sasfgxzgsafs@gsau´fd.com,
ibrahimovic,12/12/21,5156651891,40 R. Tacyan Menezes de Lucena Martinópolis, São Paulo,APT. 14,Maracanã,19500-000,RJ,12/26,7777 7777 7777 7777,777,Visa,12951961656515615,sasfgxzgsafs@gsau´fd.com,
ibrahimovic,12/12/21,5156651891,40 R. Tacyan Menezes de Lucena Martinópolis, São Paulo,APT. 14,Maracanã,19500-000,RJ,12/26,7777 7777 7777 7777,777,Visa,12951961656515615,sasfgxzgsafs@gsau´fd.com,
ibrahimovic,12/12/21,5156651891,40 R. Tacyan Menezes de Lucena Martinópolis, São Paulo,APT. 14,Maracanã,19500-000,RJ,12/26,7777 7777 7777 7777,,Visa,12951961656515615,sasfgxzgsafs@gsau´fd.com,
ibrahimovic,12/12/21,5156651891,40 R. Tacyan Menezes de Lucena Martinópolis, São Paulo,APT. 14,Maracanã,19500-000,RJ,12/26,7777 7777 7777 7777,,Visa,12951961656515615,sasfgxzgsafs@gsau´fd.com,
ibrahimovic,12/12/21,5156651891,Rua General Canabarro - Maracanã, Rio de Janeiro - RJ,112,tijuca,19500-000,São Paulo,12/26,7777 7777 7777,,AMEX,12951961656515615,snmddnnovmvp@sdasd.com,
ibrahimovic,12/12/21,5156651891,Rua General Canabarro - Maracanã, Rio de Janeiro - RJ,112,tijuca,19500-000,São Paulo,12/26,7777 7777 7777,,AMEX,12951961656515615,snmddnnovmvp@sdasd.com,
ibrahimovic,09/11/12,5156651891,Rua General Canabarro - Maracanã, Rio de Janeiro - RJ,112,Maracanã,20561-000,RJ,12/26,7777 7777 7777 7777 ,777,AMEX,12951961656515615,gasdfdasdas@´pasmdsad.com,
ibrahimovic,09/11/12,5156651891,Rua General Canabarro - Maracanã, Rio de Janeiro - RJ,112,Maracanã,20561-000,RJ,12/26,7777 7777 7777 7777 ,777,AMEX,12951961656515615,gasdfdasdas@´pasmdsad.com,
ibrahimovic,12/12/21,5156651891,40 R. Tacyan Menezes de Lucena Martinópolis, São Paulo,APT. 14,Martinópolis,19500-000,SP,12/26,832183218-=41242,777,AMEX,12951961656515615,gasdfdasdas@´pasmdsad.com,
